{
  "metadata": {
    "trained_at": "2025-10-17T16:15:46.867929",
    "attack_types": {
      "SQL Injection": 0,
      "XSS Attack": 1,
      "Authentication Bypass": 2,
      "Path Traversal": 3,
      "File Upload Attack": 4,
      "Error-Based Attack": 5,
      "Parameter Pollution": 6,
      "Blocked Activity": 7
    },
    "training_samples": 8
  },
  "weights": [
    [
      0.003088109849598847,
      -0.011024035253729761,
      0.009670007050722134,
      0.010266905611768292,
      -0.02038834997089339,
      -0.013902233038736105,
      0.0007001356718458366,
      -0.003269219910384301
    ],
    [
      0.00011551987835027473,
      -0.012853418860855278,
      0.02379154173709567,
      0.013742734053528567,
      -0.005420441367119083,
      0.005174765818464815,
      0.0006701822122014574,
      -0.009332547380546776
    ],
    [
      0.005028427502285929,
      -0.00819673149287318,
      0.00998745528291076,
      0.0007405838876592516,
      -0.005583064871167283,
      -0.010564162951526122,
      0.01328049231177596,
      -0.00028687444675986956
    ],
    [
      -0.025935592988102493,
      -0.01887345205496032,
      -0.004099091665020233,
      0.000527819376664606,
      0.007260596397661943,
      0.01365381382458183,
      0.036625098564302995,
      0.017801589308429726
    ]
  ],
  "training_history": [
    {
      "epoch": 0,
      "loss": 2.077893831509101,
      "accuracy": 0.125
    },
    {
      "epoch": 10,
      "loss": 2.07534962264151,
      "accuracy": 0.125
    }
  ],
  "attack_vectors": [
    [
      0.018775145283862316,
      0.13003095975232198,
      0.3,
      0.0
    ],
    [
      0.005364327223960662,
      0.03715170278637771,
      0.3,
      0.125
    ],
    [
      0.06146624944121591,
      0.42569659442724456,
      0.3,
      0.25
    ],
    [
      0.03531515422440769,
      0.24458204334365324,
      0.3,
      0.375
    ],
    [
      0.0004470272686633885,
      0.0030959752321981426,
      0.2,
      0.5
    ],
    [
      0.0004470272686633885,
      0.0030959752321981426,
      0.2,
      0.625
    ],
    [
      0.006705409029950827,
      0.04643962848297214,
      0.3,
      0.75
    ],
    [
      0.01586946803755029,
      0.10990712074303406,
      0.3,
      0.875
    ]
  ],
  "labels": [
    0,
    1,
    2,
    3,
    4,
    5,
    6,
    7
  ]
}